{"name":"06b7fb57-ad50-4b8a-a0a7-485d34a4d96e","id":"/providers/Microsoft.Flow/flows/06b7fb57-ad50-4b8a-a0a7-485d34a4d96e","type":"Microsoft.Flow/flows","properties":{"apiId":"/providers/Microsoft.PowerApps/apis/shared_logicflows","displayName":"Microsoft Planner to Microsoft Excel","definition":{"metadata":{"workflowEntityId":null,"processAdvisorMetadata":null,"flowChargedByPaygo":null,"flowclientsuspensionreason":"None","flowclientsuspensiontime":null,"flowclientsuspensionreasondetails":null,"creator":{"id":"a7b4f27b-fa07-4c9b-8878-0ae41027dee8","type":"User","tenantId":"6e06e42d-6925-47c6-b9e7-9581c7ca302a"},"provisioningMethod":"FromDefinition","failureAlertSubscription":true,"clientLastModifiedTime":"2024-04-10T11:30:28.990841Z","connectionKeySavedTimeKey":"2024-04-10T11:30:28.990841Z"},"$schema":"https://schema.management.azure.com/providers/Microsoft.Logic/schemas/2016-06-01/workflowdefinition.json#","contentVersion":"undefined","parameters":{"$authentication":{"defaultValue":{},"type":"SecureObject"},"$connections":{"defaultValue":{},"type":"Object"}},"triggers":{"Recurrence":{"recurrence":{"frequency":"Day","interval":1,"startTime":null,"timeZone":"W. Europe Standard Time","schedule":{"weekDays":null,"hours":["22"],"minutes":null}},"type":"Recurrence"}},"actions":{"Condition_1":{"actions":{"Run_date":{"type":"Expression","kind":"ConvertTimeZone","inputs":{"baseTime":"@utcNow()","sourceTimeZone":"UTC","destinationTimeZone":"W. Europe Standard Time","formatString":"yyyy-MM-dd HH:mm:ss"}},"List_tasks":{"runAfter":{"Run_date":["Succeeded"]},"type":"OpenApiConnection","inputs":{"parameters":{"groupId":"8b703a0e-ea20-4934-9403-15d18d9a3317","id":"f8S71wkcLUKoJfOhmosNSZYABVZP"},"host":{"apiId":"/providers/Microsoft.PowerApps/apis/shared_planner","connectionName":"shared_planner","operationId":"ListTasks_V3"},"authentication":"@parameters('$authentication')"}},"Foreach_1":{"foreach":"@outputs('List_tasks')?['body/value']","actions":{"Get_task_details":{"type":"OpenApiConnection","inputs":{"parameters":{"id":"@items('Foreach_1')?['id']"},"host":{"apiId":"/providers/Microsoft.PowerApps/apis/shared_planner","connectionName":"shared_planner","operationId":"GetTaskDetails_V2"},"authentication":"@parameters('$authentication')"}},"Condition_2":{"actions":{"Foreach_2":{"foreach":"@outputs('Get_task_details')?['body/checklist']","actions":{"Add_a_row_into_a_table":{"metadata":{"01HBHRTO62JHK2N7A4WRFZXI2A7PLAJZWL":"/Microsoft Planner Export.xlsx","tableId":"PlannerExport"},"type":"OpenApiConnection","inputs":{"parameters":{"source":"groups/8b703a0e-ea20-4934-9403-15d18d9a3317","drive":"b!D_5ifl9xPEazSTvUv09CYRwff966OBhAvbl8kq1q52EXlskqCIubR6k87ReHOisz","file":"01HBHRTO62JHK2N7A4WRFZXI2A7PLAJZWL","table":"PlannerExport","dateTimeFormat":"ISO 8601","item/run_date":"@outputs('Run_date')?['body']","item/task_id":"@outputs('Get_task_details')?['body/id']","item/task_name":"@{items('Foreach_1')?['title']}","item/task_notes":"@outputs('Get_task_details')?['body/description']","item/task_created_date":"@{items('Foreach_1')?['createdDateTime']}","item/task_due_date":"@{if(empty(items('Foreach_1')?['dueDateTime']), '', formatDateTime(items('Foreach_1')?['dueDateTime'], 'yyyy-MM-dd'))}","item/task_completed_percent":"@{items('Foreach_1')?['percentComplete']}","item/task_completed_date":"@items('Foreach_1')?['completedDateTime']","item/labels":"@{items('Foreach_1')?['appliedCategories']}","item/assigned_to_ids":"@{xpath(xml(json(concat('{\"body\":{\"value\":', items('Foreach_1')?['_assignments'], '}}'))), '/body/value/userId/text()')}","item/checklist_id":"@items('Foreach_2')?['id']","item/checklist_name":"@items('Foreach_2')?['value/title']","item/checklist_value":"@items('Foreach_2')?['value/isChecked']"},"host":{"apiId":"/providers/Microsoft.PowerApps/apis/shared_excelonlinebusiness","connectionName":"shared_excelonlinebusiness","operationId":"AddRowV2"},"authentication":"@parameters('$authentication')"}}},"type":"Foreach"}},"runAfter":{"Get_task_details":["Succeeded"]},"else":{"actions":{"Add_a_row_into_a_table_copy":{"metadata":{"01HBHRTO62JHK2N7A4WRFZXI2A7PLAJZWL":"/Microsoft Planner Export.xlsx","tableId":"PlannerExport"},"type":"OpenApiConnection","inputs":{"parameters":{"source":"groups/8b703a0e-ea20-4934-9403-15d18d9a3317","drive":"b!D_5ifl9xPEazSTvUv09CYRwff966OBhAvbl8kq1q52EXlskqCIubR6k87ReHOisz","file":"01HBHRTO62JHK2N7A4WRFZXI2A7PLAJZWL","table":"PlannerExport","dateTimeFormat":"ISO 8601","item/run_date":"@outputs('Run_date')?['body']","item/task_id":"@outputs('Get_task_details')?['body/id']","item/task_name":"@items('Foreach_1')?['title']","item/task_notes":"@outputs('Get_task_details')?['body/description']","item/task_created_date":"@{items('Foreach_1')?['createdDateTime']}","item/task_due_date":"@{if(empty(items('Foreach_1')?['dueDateTime']), '', formatDateTime(items('Foreach_1')?['dueDateTime'], 'yyyy-MM-dd'))}","item/task_completed_percent":"@{items('Foreach_1')?['percentComplete']}","item/task_completed_date":"@items('Foreach_1')?['completedDateTime']","item/labels":"@{items('Foreach_1')?['appliedCategories']}","item/assigned_to_ids":"@{xpath(xml(json(concat('{\"body\":{\"value\":', items('Foreach_1')?['_assignments'], '}}'))), '/body/value/userId/text()')}"},"host":{"apiId":"/providers/Microsoft.PowerApps/apis/shared_excelonlinebusiness","connectionName":"shared_excelonlinebusiness","operationId":"AddRowV2"},"authentication":"@parameters('$authentication')"}}}},"expression":{"and":[{"greater":["@length(outputs('Get_task_details')?['body/checklist'])",0]}]},"type":"If"}},"runAfter":{"List_tasks":["Succeeded"]},"type":"Foreach"}},"runAfter":{},"else":{"actions":{}},"expression":{"and":[{"equals":["@formatDateTime(utcNow(), 'yyyy-MM-dd')","@formatDateTime(adddays(concat(add(int(formatDateTime(utcNow(), 'yyyy')), if(equals(formatDateTime(utcNow(), 'MM'), '12'), 1, 0)), '-', add(int(formatDateTime(utcNow(), 'MM')), if(equals(formatDateTime(utcNow(), 'MM'), '12'), -11, 1)), '-01T00:00:00Z'), -1), 'yyyy-MM-dd')"]}]},"type":"If"}}},"connectionReferences":{"shared_planner":{"connectionName":"shared-planner-8351d7cc-e6ce-4fed-9422-eba00384648f","source":"Embedded","id":"/providers/Microsoft.PowerApps/apis/shared_planner","tier":"NotSpecified"},"shared_excelonlinebusiness":{"connectionName":"shared-excelonlinebu-95393b84-6c06-4c38-8ddd-63d52ef56a19","source":"Embedded","id":"/providers/Microsoft.PowerApps/apis/shared_excelonlinebusiness","tier":"NotSpecified"}},"flowFailureAlertSubscribed":false,"isManaged":false}}